uid,Text,reason
opp115/1028,"Service Announcements On rare occasions it is necessary to send out a strictly service related announcement. For instance, if our service is temporarily suspended for maintenance we might send users an email. Generally, users may not opt-out of these communications, though they can deactivate their ",no category chosen by 2 of 3 annotators
opp115/1028,Supplementation of Information In order for this Web site to properly fulfill its obligation to users it is necessary for us to supplement the information we receive with information from 3rd party sources.,no category chosen by 2 of 3 annotators
opp115/1050,"Financing Tools, Payment Calculators. You may choose to utilize our financing calculators to get an idea as to how much it may cost you to buy or lease a new or used vehicle. Using this feature will help you determine what you can afford. In doing so, you may provide certain figures such as a trade-",no category chosen by 2 of 3 annotators
opp115/1050,Build Your Bike/Build Your ATV/Build Your PWC/Build Your MUV. You may build a Honda model of your choice without providing personally identifiable information.,no category chosen by 2 of 3 annotators
opp115/105,"Business Transfers: As we continue to develop our business, we might sell or buy stores, subsidiaries, or business units. In such transactions, customer information generally is one of the transferred business assets but remains subject to the promises made in any pre-existing Privacy Notice (unless",no category chosen by 2 of 3 annotators
opp115/105,"In compliance with the US-EU and US-Swiss Safe Harbor Principles, we endeavor to resolve all complaints about privacy and the collection or use of customer information. If you have questions about our participation in the Safe Harbor program or have a complaint, please send an e-mail to safeharbor@a",no category chosen by 2 of 3 annotators
opp115/1083,"It is possible you will be served cookies by us, by our advertisers or by the companies that help us deliver advertising on our Sites. Cookies help us and advertisers identify users on our Sites and on other sites. Please see below under",no category chosen by 2 of 3 annotators
opp115/1106,"Whose Privacy Statement Applies to Links and Co-Branded Sites? Allstate provides links to other sites as a convenience to persons who visit the Allstate web site. If you choose to use the services provided by those sites, you may be asked by those sites to provide certain personally identifiable inf",no category chosen by 2 of 3 annotators
opp115/1206,Directory information is released only upon written request unless permitted by law. Telephone requests are not acceptable. Transcripts or academic records are not released without a student's written consent except as allowed by law.,no category chosen by 2 of 3 annotators
opp115/1252,"A) Information already collected as part of a particular purchase in our transactions database which may be shared with third parties involved in the processing of financial transactions, as discussed above; or",no category chosen by 2 of 3 annotators
opp115/1259,"Does The Motley Fool Participate in the Safe Harbor Program- The Motley Fool complies with the US-EU Safe Harbor Framework and the US-Swiss Safe Harbor Framework as set forth by the U.S. Department of Commerce regarding the collection, use, and retention of personal information from European Union m",no category chosen by 2 of 3 annotators
opp115/1306,"Types of cookies: There are two main types of cookies: Session cookies: these are temporary cookies that expire at the end of a browser session; that is, when you leave the site. Session cookies allow the website to recognize you as you navigate between pages during a single browser session and allo",no category chosen by 2 of 3 annotators
opp115/133,Time Inc. sites will not use or transfer personally identifiable information provided to us in ways unrelated to the ones described above without also providing you with an opportunity to opt out of these unrelated uses.,no category chosen by 2 of 3 annotators
opp115/133,"Most browsers automatically accept cookies. You can set your browser option so that you will not receive cookies and you can also delete existing cookies from your browser. However, you may find that some parts of the site will not function properly if you have refused cookies or similar tracking te",no category chosen by 2 of 3 annotators
opp115/135,"By registering for and using the Service you consent to the transfer of information to the U.S. or to any other country in which Instagram, its Affiliates or Service Providers maintain facilities and the use and disclosure of information about you as described in this Privacy Policy.",no category chosen by 2 of 3 annotators
opp115/1419,Information We Collect We collect and maintain personally identifiable information and automatic information.,no category chosen by 2 of 3 annotators
opp115/1419,"Personally Identifiable Information ""Personally identifiable information"" is information that tells us who you are, such as your name, screen name, email address, postal address, phone number, credit card information, birth date/year and gender.",no category chosen by 2 of 3 annotators
opp115/1468,"Your participation in tournaments or other online game events is conditional upon our collection, use, storage, transmission and public display of statistical data (such as your scores, rankings, and achievements) generated through your participation.",no category chosen by 2 of 3 annotators
opp115/1498,We are TRUSTe certified.,no category chosen by 2 of 3 annotators
opp115/1498,"TRUSTe has awarded Live Nation the TRUSTe's Privacy Seal. This means TRUSTe independently reviewed this Policy and the practices on Live Nation and Ticketmaster sites and apps to make sure they meet TRUSTE's requirements. The seal applies to our practices for information collected on U.S., UK, Irela",no category chosen by 2 of 3 annotators
opp115/1510,"SPECIAL NOTE - Flash Cookies: Flash cookies (also known as ""local shared objects"" or ""LSOs"") cannot be rejected, disabled, turned off, opted out, or deleted in the same way as regular cookies such as HTML cookies. Flash cookies may remain on your computer even after you have rejected, disabled, opte",no category chosen by 2 of 3 annotators
opp115/1545,We will share your personally-identifiable information with other parties under the following circumstances:,no category chosen by 2 of 3 annotators
opp115/1637,"This analysis enables us to track how our users engage over a date range, who our users are generally, and how their behavior varies by attribute (e.g., male vs. female). Illini Media may use this type of analysis to refine our advertising and content strategies.",no category chosen by 2 of 3 annotators
opp115/1683,"OPTING-OUT If you do not wish to share your PIN, you always have the option to not provide the information or use the MediaNews Web sites that require it. Opting-Out If you are a current MediaNews registered Web site user or would like to become one, but do not want your PIN shared with third partie",no category chosen by 2 of 3 annotators
opp115/1713,"iv. Certain Continuing Rights Regardless of Opt-Outs. However, even if you exercise your opt-out rights above, we, or our Parent Companies or Affiliates, may continue to contact you for the other purposes described in the ""Use of Information"" Section above, such as for maintenance and administrative",no category chosen by 2 of 3 annotators
opp115/1713,"ii. Tracking Technologies Set By the Site. With respect to the Tracking Technologies set by the Site, you have a number of options:",no category chosen by 2 of 3 annotators
opp115/1713,"b. Termination of Wireless Services by User. Regardless of which one of the above opt-in methods was used to register, users may revoke their consent to receive messages from Latin Post by the following procedure:",no category chosen by 2 of 3 annotators
opp115/1713,"c. Termination of Wireless Services by Latin Post. A user understands, acknowledges and agrees that Latin Post may, in its sole discretion and without liability to any user, terminate its offer of any specific wireless marketing service or all wireless marketing services at any time without advance ",no category chosen by 2 of 3 annotators
opp115/175,"Remember that when you share information publicly online, it may be indexable by search engines or recorded by others, and any search engine index or record of your information may persist after you delete the information at the original source.",no category chosen by 2 of 3 annotators
opp115/186,"Application. Application means a program or service operated by us (or on our behalf) that may be displayed on various online, mobile or other platforms and environments, including those operated by third parties, which permits us to interact directly with our guests.",no category chosen by 2 of 3 annotators
opp115/186,"Notice Notice may be by email to you at the last email address you provided us, by posting notice of such changes on our sites and applications, or by other means, consistent with applicable law.",no category chosen by 2 of 3 annotators
opp115/186,Parents Parents means a parent or legal guardian.,no category chosen by 2 of 3 annotators
opp115/186,"Disney Interactive has received the TRUSTe Privacy Seal in the United States, signifying that this privacy policy and our privacy practices have been reviewed for compliance with the TRUSTe program listed on the validation page available when you click on the TRUSTe Privacy Seal. The TRUSTe program ",no category chosen by 2 of 3 annotators
opp115/200,"To Contact You. We may periodically contact you with offers and information about the Services and our affiliates, including in connection with your accounts, online surveys, legal notices, news stories, and other important information. You may opt out of receiving commercial email messages from us ",no category chosen by 2 of 3 annotators
opp115/200,Email Promotions You may opt out of receiving commercial email messages from us by following the instructions contained in those email messages.,no category chosen by 2 of 3 annotators
opp115/202,Public Forums Food Allergy Research & Education advises users that personal information posted on the website is accessible only to members.,no category chosen by 2 of 3 annotators
opp115/207,"Generally speaking, one-way hashing is a way to anonymize or hide data by transforming pieces of information into fixed strings of alphanumeric characters.",no category chosen by 2 of 3 annotators
opp115/207,"For example, when the e-mail address 'U13user@dictionary.com' is hashed, the result or ""hash value"" might be 'a8der13ap69'. Every time that hash function is applied to that e-mail address the result will be the same. It is called one-way hashing because the function allows you to convert the data on",no category chosen by 2 of 3 annotators
opp115/21,What Personal Information About Users Does IMDb Gather- The information we learn from users helps us personalize and continually improve your experience at IMDb. Here are the types of information we gather.,no category chosen by 2 of 3 annotators
opp115/26,"You may register or enhance your profile by linking your Facebook or Google accounts on NYTimes.com. By doing this, you are asking them to send us certain information from those social media accounts, and you are authorizing us to collect, store, and use what they send us in accordance with this Pri",no category chosen by 2 of 3 annotators
opp115/33,Full Privacy Policy Last updated: 14 January 2015,no category chosen by 2 of 3 annotators
opp115/33,"1. SCOPE AND CONSENT When you use the online services, you are contracting with NBCUniversal. If you reside outside of the United States, NBCUniversal is your data controller. By using the online services, you expressly consent to our collection, use, disclosure, and retention of your personal infor",no category chosen by 2 of 3 annotators
opp115/33,Information shared with trusted third parties:,no category chosen by 2 of 3 annotators
opp115/33,Mobile Apps For additional information about your choices in relation to Mobile Apps including information on how to opt out of targeted advertising see the Mobile Apps policy.,no category chosen by 2 of 3 annotators
opp115/33,9. WHERE YOUR INFORMATION WILL BE USED NBCUniversal is based in the United States and may from time to time transfer your personal information to other countries and make it accessible to any of our affiliates and third-party service providers internationally. Where the transfer of information is to,no category chosen by 2 of 3 annotators
opp115/359,Types of information that may be collected The following are the types of information we may collect:,no category chosen by 2 of 3 annotators
opp115/453,Integrity: We do not sell or rent your personal information and respect your preferences with respect to your personal information.,no category chosen by 2 of 3 annotators
opp115/481,The News-Post may use information it has collected from users to promote products and services on behalf of advertisers; we will make every effort to allow users to opt out of promotional messages from advertisers.,no category chosen by 2 of 3 annotators
opp115/531,"The essential information shared on these third party sites is available on archives.gov. In almost every case, the documents and records displayed on a third party are available in the Online Catalog.",no category chosen by 2 of 3 annotators
opp115/531,NARA reserves the right to review links and add or remove links at any time for any reason consistent with Federal policy or NARA guidance.,no category chosen by 2 of 3 annotators
opp115/559,"If you are randomly selected, a pop-up window will lead to the survey. The survey uses a persistent ""cookie"" to recognize that you have been invited to complete the survey and block subsequent prompts. If you have set up your Internet browser to ignore or disable pop-ups, you will not be able to be ",no category chosen by 2 of 3 annotators
opp115/586,"Please note that by submitting your information regarding employment opportunities with Caribou Coffee, you authorize us to transmit and store your information in our recruitment database, and to circulate that information as necessary for the purpose of evaluating your qualifications for job vacanc",no category chosen by 2 of 3 annotators
opp115/586,Upon placing an order on www.cariboucoffee.com you will receive an email confirmation notifying you that we have received your order.,no category chosen by 2 of 3 annotators
opp115/58,"(v) In accordance with your indicated preferences (e.g., you indicated you wanted to receive promotional materials directly from a third party partner).",no category chosen by 2 of 3 annotators
opp115/591,Google processes personal information on our servers in many countries around the world. We may process your personal information on a server located outside the country where you live.,no category chosen by 2 of 3 annotators
opp115/635,"We do not control our affiliates' or third parties' use of your information after we share it, but we use reasonable efforts to obtain our affiliates' and third parties' agreement to protect the confidentiality, security, and integrity of any personal information we share with them or that we permit",no category chosen by 2 of 3 annotators
opp115/807,Users can visit our site anonymously,no category chosen by 2 of 3 annotators
opp115/807,We will notify the users via in site notification Within 7 business days,no category chosen by 2 of 3 annotators
opp115/856,"ACCEPTANCE OF THESE TERMS Your use of the Science Website shall indicate your understanding and acceptance of the terms of this Privacy Statement. If you do not agree with all of the terms herein, you should not use the Science Website or services.",no category chosen by 2 of 3 annotators
opp115/862,If we disclose your Personal Information to a third party in a manner that is not set forth in this Privacy Policy you will be notified so that you can make an informed choice about sharing your Personal Information with that third party.,no category chosen by 2 of 3 annotators
opp115/928,"When you fill out our online forms, they are returned to us via electronic mail. Your responses are not encrypted. We cannot guarantee the security of information sent via electronic mail.",no category chosen by 2 of 3 annotators
opp115/928,"If you are a member of the FRED Network and select the option to allow your profile to be viewable by the public. By default this option is not selected, and your profile is not viewable by the public.",no category chosen by 2 of 3 annotators
opp115/98,"NOTMC controls and operates its business and Online Services from within the United States of America. Our online privacy practices are governed by the laws of the United States and the State of Louisiana, which may differ from privacy laws in your state or home country. By submitting your personal ",no category chosen by 2 of 3 annotators
