group_id,source,split,rows
c3pa:db/101,c3pa,train,44
c3pa:db/103,c3pa,train,64
c3pa:db/104,c3pa,train,65
c3pa:db/117,c3pa,validation,25
c3pa:db/125,c3pa,train,40
c3pa:db/127,c3pa,train,15
c3pa:db/132,c3pa,train,126
c3pa:db/133,c3pa,train,80
c3pa:db/134,c3pa,train,44
c3pa:db/136,c3pa,train,7
c3pa:db/14,c3pa,train,12
c3pa:db/145,c3pa,train,52
c3pa:db/159,c3pa,test,46
c3pa:db/161,c3pa,train,39
c3pa:db/164,c3pa,train,50
c3pa:db/165,c3pa,train,36
c3pa:db/176,c3pa,test,42
c3pa:db/180,c3pa,train,104
c3pa:db/188,c3pa,train,99
c3pa:db/19,c3pa,train,176
c3pa:db/192,c3pa,train,63
c3pa:db/193,c3pa,train,43
c3pa:db/225,c3pa,train,43
c3pa:db/30,c3pa,test,8
c3pa:db/31,c3pa,train,20
c3pa:db/4,c3pa,train,55
c3pa:db/40,c3pa,train,18
c3pa:db/47,c3pa,train,46
c3pa:db/5,c3pa,train,133
c3pa:db/57,c3pa,train,43
c3pa:db/59,c3pa,train,32
c3pa:db/6,c3pa,train,43
c3pa:db/80,c3pa,validation,12
c3pa:db/84,c3pa,train,35
c3pa:db/98,c3pa,train,31
c3pa:ws/100,c3pa,test,88
c3pa:ws/105,c3pa,validation,28
c3pa:ws/111,c3pa,train,33
c3pa:ws/120,c3pa,train,64
c3pa:ws/121,c3pa,train,94
c3pa:ws/124,c3pa,validation,90
c3pa:ws/131,c3pa,train,37
c3pa:ws/132,c3pa,train,60
c3pa:ws/135,c3pa,train,89
c3pa:ws/14,c3pa,test,46
c3pa:ws/141,c3pa,train,11
c3pa:ws/143,c3pa,validation,28
c3pa:ws/144,c3pa,train,8
c3pa:ws/146,c3pa,train,16
c3pa:ws/147,c3pa,test,44
c3pa:ws/151,c3pa,train,5
c3pa:ws/156,c3pa,validation,17
c3pa:ws/167,c3pa,train,25
c3pa:ws/169,c3pa,train,48
c3pa:ws/170,c3pa,train,31
c3pa:ws/2,c3pa,train,96
c3pa:ws/22,c3pa,test,67
c3pa:ws/24,c3pa,train,30
c3pa:ws/27,c3pa,train,100
c3pa:ws/29,c3pa,train,13
c3pa:ws/41,c3pa,train,128
c3pa:ws/45,c3pa,train,64
c3pa:ws/47,c3pa,train,20
c3pa:ws/57,c3pa,train,63
c3pa:ws/6,c3pa,validation,83
c3pa:ws/61,c3pa,train,25
c3pa:ws/74,c3pa,train,25
c3pa:ws/79,c3pa,train,94
c3pa:ws/81,c3pa,train,36
c3pa:ws/84,c3pa,train,86
c3pa:ws/87,c3pa,train,92
c3pa:ws/90,c3pa,test,80
c3pa:ws/91,c3pa,train,157
c3pa:ws/92,c3pa,test,99
c3pa:ws/93,c3pa,train,60
c3pa:ws/96,c3pa,train,59
c3pa:ws/97,c3pa,train,71
c3pa:ws/99,c3pa,train,33
dom:360mediadirect.com,c3pa,test,30
dom:abita.com,opp115,train,14
dom:achcoop.com,c3pa,validation,18
dom:acxiom.com,c3pa,train,60
dom:adp.com,c3pa,train,86
dom:adrearubin.com,c3pa,train,41
dom:adweek.com,opp115,train,17
dom:alescodata.com,c3pa,train,33
dom:allrecipes.com,opp115,train,71
dom:allstate.com,opp115,train,46
dom:amazon.com,opp115,test,35
dom:amctheatres.com,c3pa,train,56
dom:amplemarket.com,c3pa,train,19
dom:anchorcomputer.com,c3pa,train,22
dom:anteriad.com,c3pa,test,65
dom:apollointeractive.com,c3pa,train,53
dom:archives.gov,opp115,train,50
dom:arity.com,c3pa,train,67
dom:aslmarketing.com,c3pa,train,40
dom:aspire-north.com,c3pa,train,56
dom:atlanticfox.com,c3pa,train,48
dom:att.com,c3pa,train,123
dom:audiencerate.com,c3pa,train,80
dom:austincc.edu,opp115,test,19
dom:autoblog.com,opp115,train,43
dom:autotrader.com,c3pa,train,32
dom:autozone.com,c3pa,train,156
dom:awl.com,c3pa,test,37
dom:azurewebsites.net,c3pa,train,128
dom:barnesandnoble.com,opp115,train,103
dom:basketball-reference.com,opp115,train,21
dom:bdo.com,c3pa,train,63
dom:beenverified.com,c3pa,train,54
dom:belardiwong.com,c3pa,validation,30
dom:bestbuy.com,c3pa,train,38
dom:biblegateway.com,c3pa,train,71
dom:billtrust.com,c3pa,train,129
dom:blackbaud.com,c3pa,train,95
dom:blis.com,c3pa,train,156
dom:blisspointmedia.com,c3pa,validation,67
dom:boardgamegeek.com,opp115,train,10
dom:boostmobile.com,c3pa,test,35
dom:brandwatch.com,c3pa,train,37
dom:britannica.com,c3pa,test,43
dom:buffalowildwings.com,opp115,train,20
dom:buildertrend.com,c3pa,test,46
dom:businesswatchnetwork.com,c3pa,validation,44
dom:buzzfeed.com,c3pa,train,67
dom:cadent.tv,c3pa,validation,63
dom:campingworld.com,c3pa,train,71
dom:cargurus.com,c3pa,validation,61
dom:cariboucoffee.com,opp115,train,32
dom:carvana.com,c3pa,test,126
dom:change.org,c3pa,train,86
dom:chasepaymentech.com,opp115,train,25
dom:chicagomarathon.com,opp115,train,82
dom:chick-fil-a.com,c3pa,validation,113
dom:choreograph.com,c3pa,train,33
dom:cincymuseum.org,opp115,train,24
dom:citizen.org,opp115,train,14
dom:civisanalytics.com,c3pa,train,49
dom:coffeereview.com,opp115,train,16
dom:cognism.com,c3pa,train,59
dom:communitycoffee.com,opp115,validation,3
dom:compactlists.com,c3pa,train,54
dom:completemailinglists.com,c3pa,train,28
dom:comscore.com,c3pa,train,64
dom:contentgine.com,c3pa,train,39
dom:costar.com,c3pa,train,96
dom:cowen.com,c3pa,train,28
dom:cuebiq.com,c3pa,train,44
dom:dailyillini.com,opp115,train,14
dom:dailymail.co.uk,c3pa,train,164
dom:dailynews.com,opp115,train,32
dom:dailywire.com,c3pa,train,66
dom:dairyqueen.com,opp115,test,22
dom:data-axle.com,c3pa,train,20
dom:dataaxlenonprofit.com,c3pa,train,37
dom:datadelivers.com,c3pa,test,50
dom:datapartners.com,c3pa,test,43
dom:datonics.com,c3pa,train,73
dom:dcccd.edu,opp115,train,16
dom:decide.co,c3pa,validation,41
dom:decisionlinks.com,c3pa,test,17
dom:deepsync.com,c3pa,train,44
dom:demandbase.com,c3pa,validation,35
dom:demandscience.com,c3pa,train,120
dom:dictionary.com,c3pa,validation,53
dom:digdevdirect.com,c3pa,train,94
dom:digitalsegment.com,c3pa,train,22
dom:discogs.com,c3pa,train,94
dom:disinfo.com,opp115,validation,24
dom:dnb.com,c3pa,train,296
dom:dogbreedinfo.com,opp115,train,4
dom:downdetector.com,c3pa,train,87
dom:drinksmixer.com,opp115,train,46
dom:dstillery.com,c3pa,train,56
dom:earthkam.org,opp115,test,11
dom:eatchicken.com,opp115,train,4
dom:edvisors.com,c3pa,train,92
dom:ekata.com,c3pa,test,104
dom:emailindustries.com,c3pa,train,33
dom:enformion.com,c3pa,test,48
dom:esiteanalytics.com,c3pa,train,51
dom:esquire.com,opp115,validation,46
dom:essence.com,opp115,train,44
dom:everydayhealth.com,c3pa,train,73
dom:everydayhealth.com,opp115,train,42
dom:example.com,c3pa,train,45
dom:experian.com,c3pa,train,94
dom:express.co.uk,c3pa,train,137
dom:fidelity.com,c3pa,train,70
dom:fifty.io,c3pa,train,60
dom:fightingillini.com,opp115,train,52
dom:findem.ai,c3pa,train,90
dom:finthrive.com,c3pa,train,63
dom:firstdirectmarketing.com,c3pa,train,19
dom:focus-usa.com,c3pa,train,32
dom:food52.com,c3pa,train,50
dom:foodallergy.org,opp115,train,25
dom:fool.com,opp115,train,55
dom:forbes.com,c3pa,train,85
dom:forddirect.com,c3pa,train,46
dom:fortune.com,c3pa,train,23
dom:fortune.com,opp115,train,41
dom:fourleafdata.com,c3pa,validation,31
dom:foxbusiness.com,c3pa,train,19
dom:foxnews.com,c3pa,train,76
dom:fredericknewspost.com,opp115,train,18
dom:freep.com,opp115,train,33
dom:gamepedia.com,opp115,train,26
dom:gamerankings.com,opp115,train,11
dom:gamestop.com,opp115,train,42
dom:gawker.com,opp115,train,25
dom:geocaching.com,opp115,test,27
dom:getrev.ai,c3pa,train,46
dom:gettyimages.com,c3pa,train,46
dom:go.com,opp115,train,43
dom:google.com,opp115,train,44
dom:gostrata.com,c3pa,train,21
dom:grayhairsoftware.com,c3pa,train,40
dom:groundtruth.com,c3pa,train,48
dom:growbots.com,c3pa,validation,63
dom:guitarcenter.com,c3pa,train,75
dom:gwdocs.com,opp115,test,6
dom:healthwisedata.com,c3pa,test,61
dom:heartbeat.ai,c3pa,train,41
dom:hellofyllo.com,c3pa,train,52
dom:hemmings.com,opp115,train,38
dom:homedata.com,c3pa,train,15
dom:homedepot.com,c3pa,train,200
dom:honda.com,opp115,validation,70
dom:hubspot.com,c3pa,test,49
dom:huffpost.com,c3pa,train,46
dom:hulu.com,c3pa,validation,48
dom:humblebundle.com,c3pa,train,16
dom:hybridtheory.com,c3pa,validation,107
dom:id5.io,c3pa,validation,92
dom:ididata.com,c3pa,train,30
dom:idology.com,c3pa,train,93
dom:ifixit.com,c3pa,test,33
dom:ifsa-butler.org,opp115,train,13
dom:ign.com,c3pa,train,30
dom:iheart.com,c3pa,train,36
dom:imdb.com,opp115,train,35
dom:imgur.com,c3pa,train,12
dom:independent.co.uk,c3pa,train,16
dom:inmarket.com,c3pa,validation,47
dom:insider-inc.com,c3pa,train,107
dom:instagram.com,opp115,train,38
dom:intalytics.com,c3pa,train,56
dom:integratedmedicaldata.com,c3pa,train,21
dom:intentgine.com,c3pa,train,31
dom:intentmacro.com,c3pa,train,16
dom:intuit.com,c3pa,train,70
dom:investing.com,c3pa,train,41
dom:investopedia.com,c3pa,validation,60
dom:ip2location.com,c3pa,train,47
dom:iqvia.com,c3pa,train,33
dom:ironhorsevineyards.com,opp115,train,7
dom:irys.us,c3pa,test,30
dom:iwave.com,c3pa,train,44
dom:jdmlistservices.com,c3pa,train,28
dom:jibjab.com,opp115,train,43
dom:jlab.org,opp115,train,3
dom:jmr-media.com,c3pa,train,33
dom:kaleidahealth.org,opp115,validation,66
dom:kayak.com,c3pa,train,121
dom:kbb.com,c3pa,train,100
dom:keyopinionleaders.com,c3pa,train,47
dom:kohls.com,c3pa,train,54
dom:kraftrecipes.com,opp115,test,32
dom:l2-data.com,c3pa,train,24
dom:latimes.com,c3pa,test,90
dom:latinpost.com,opp115,train,85
dom:lead411.com,c3pa,train,94
dom:leafly.com,c3pa,train,53
dom:legacy.com,c3pa,train,59
dom:lids.com,opp115,train,38
dom:lighthouselist.com,c3pa,train,48
dom:limeleads.com,c3pa,validation,63
dom:linkedin.com,c3pa,train,166
dom:liquor.com,opp115,train,13
dom:listservicedirect.com,c3pa,train,30
dom:liveintent.com,c3pa,train,28
dom:livejasmin.com,c3pa,train,73
dom:loc.gov,opp115,train,23
dom:locatesmarter.com,c3pa,train,51
dom:lodgemfg.com,opp115,train,32
dom:logiq.com,c3pa,train,49
dom:lotame.com,c3pa,train,62
dom:luc.id,c3pa,train,37
dom:lynda.com,opp115,test,74
dom:madisonlogic.com,c3pa,train,61
dom:malvernmedia.com,c3pa,test,65
dom:marinusanalytics.com,c3pa,train,32
dom:mchdata.com,c3pa,train,35
dom:medallia.com,c3pa,test,59
dom:mediamath.com,c3pa,train,70
dom:mediaocean.com,c3pa,validation,39
dom:mediawallah.com,c3pa,validation,59
dom:medium.com,c3pa,test,31
dom:melissa.com,c3pa,train,49
dom:mercari.com,c3pa,train,28
dom:miaminewtimes.com,opp115,train,33
dom:microsoft.com,c3pa,train,421
dom:milestonemarketingsolutions.com,c3pa,train,34
dom:military.com,c3pa,train,41
dom:military.com,opp115,train,44
dom:mirror.co.uk,c3pa,train,101
dom:mlb.com,c3pa,train,89
dom:mlb.com,opp115,train,33
dom:mobilewalla.com,c3pa,train,139
dom:mohegansun.com,opp115,train,7
dom:moodysanalytics.com,c3pa,train,62
dom:motortrend.com,opp115,train,39
dom:mrginc.com,c3pa,train,39
dom:mrss.com,c3pa,train,62
dom:msn.com,opp115,train,32
dom:multimedialists.com,c3pa,train,62
dom:myanimelist.net,c3pa,train,36
dom:myfitnesspal.com,c3pa,train,51
dom:n-focus.com,c3pa,train,66
dom:naturalnews.com,opp115,train,5
dom:nbc.com,opp115,train,60
dom:near.com,c3pa,train,226
dom:nerdwallet.com,c3pa,train,21
dom:netgear.com,c3pa,train,22
dom:netwisedata.com,c3pa,train,42
dom:neworleansonline.com,opp115,validation,40
dom:newsbusters.org,opp115,train,42
dom:newsedge.com,c3pa,train,40
dom:nfl.com,c3pa,test,79
dom:nissanusa.com,c3pa,train,41
dom:npr.org,c3pa,train,115
dom:nymag.com,c3pa,train,64
dom:nytimes.com,c3pa,validation,102
dom:nytimes.com,opp115,validation,67
dom:ocregister.com,opp115,train,20
dom:officedepot.com,c3pa,train,41
dom:okta.com,c3pa,validation,58
dom:olivegarden.com,c3pa,train,50
dom:oncoreleads.com,c3pa,train,33
dom:opensecrets.org,opp115,validation,8
dom:openx.com,c3pa,train,103
dom:oracle.com,c3pa,train,160
dom:oreillyauto.com,c3pa,train,43
dom:outbrain.com,c3pa,train,83
dom:outlogic.io,c3pa,train,95
dom:pacificeast.com,c3pa,train,38
dom:pagesix.com,c3pa,train,29
dom:papajohns.com,c3pa,train,28
dom:partycity.com,c3pa,train,25
dom:patch.com,c3pa,train,26
dom:pbinfo.com,c3pa,validation,41
dom:pbs.org,opp115,train,40
dom:peopledatalabs.com,c3pa,test,58
dom:peoplefinders.com,c3pa,train,82
dom:permutive.com,c3pa,train,20
dom:pgatour.com,c3pa,train,64
dom:pickmedicare.com,c3pa,train,85
dom:pipl.com,c3pa,validation,54
dom:placeiq.com,c3pa,validation,62
dom:playstation.com,opp115,train,43
dom:pof.com,c3pa,train,34
dom:politico.com,c3pa,train,47
dom:porchgroupmedia.com,c3pa,train,58
dom:pornhub.com,c3pa,train,53
dom:poshmark.com,c3pa,validation,33
dom:post-gazette.com,opp115,train,28
dom:potterybarn.com,c3pa,train,35
dom:preferredcommunications.com,c3pa,validation,63
dom:primagames.com,opp115,test,45
dom:propertyradar.com,c3pa,train,70
dom:pulsepoint.com,c3pa,test,105
dom:rampedup.io,c3pa,train,37
dom:realitydebtsolutions.com,c3pa,train,72
dom:recruitbot.com,c3pa,train,117
dom:redbubble.com,c3pa,train,29
dom:reddit.com,opp115,train,54
dom:redidata.com,c3pa,train,44
dom:redorbit.com,opp115,train,41
dom:redtube.com,c3pa,validation,37
dom:reference.com,opp115,train,32
dom:rei.com,c3pa,test,24
dom:reklaimyours.com,c3pa,train,44
dom:repec.org,opp115,train,30
dom:resonate.com,c3pa,train,59
dom:restaurantnews.com,opp115,train,10
dom:retention.com,c3pa,train,36
dom:revealmobile.com,c3pa,train,36
dom:reverb.com,c3pa,train,79
dom:rhetorik.com,c3pa,test,9
dom:richmediallc.com,c3pa,validation,18
dom:rocadvertising.com,c3pa,train,31
dom:rockstargames.com,opp115,validation,61
dom:rooftopdigital.com,c3pa,train,58
dom:roq.ad,c3pa,train,62
dom:rrd.com,c3pa,train,23
dom:salesintel.io,c3pa,test,52
dom:salutarydata.com,c3pa,train,132
dom:samba.tv,c3pa,train,38
dom:sci-news.com,opp115,train,13
dom:sciencemag.org,opp115,train,35
dom:scrapingrobot.com,c3pa,train,53
dom:seekingalpha.com,c3pa,train,24
dom:sentilink.com,c3pa,train,59
dom:sg360.com,c3pa,train,50
dom:sharelocalmedia.com,c3pa,train,70
dom:shopify.com,c3pa,test,34
dom:si.edu,opp115,train,18
dom:simiocloud.com,c3pa,validation,41
dom:sling.com,c3pa,train,40
dom:sltrib.com,opp115,test,45
dom:smacomm.com,c3pa,train,36
dom:smartasset.com,c3pa,train,41
dom:sms-inc.com,c3pa,validation,25
dom:snov.io,c3pa,train,118
dom:socialcatfish.com,c3pa,train,59
dom:solarviews.com,opp115,train,1
dom:sourceitmarketing.com,c3pa,train,8
dom:sovrn.com,c3pa,train,109
dom:speedtest.net,c3pa,train,49
dom:spglobal.com,c3pa,validation,102
dom:stackoverflow.com,c3pa,train,68
dom:staples.com,c3pa,train,33
dom:statlistics.com,c3pa,train,20
dom:statsocial.com,c3pa,train,65
dom:steampowered.com,opp115,test,20
dom:sterlingdatacompany.com,c3pa,validation,28
dom:stirista.com,c3pa,train,70
dom:style.com,opp115,train,31
dom:subaru.com,c3pa,train,26
dom:swordfish.ai,c3pa,train,104
dom:synchrony.com,c3pa,train,70
dom:t-mobile.com,c3pa,train,79
dom:taboola.com,c3pa,train,93
dom:tangeroutlet.com,opp115,train,3
dom:tapad.com,c3pa,train,6
dom:target.com,c3pa,train,59
dom:taylorswift.com,opp115,train,28
dom:techtarget.com,c3pa,validation,69
dom:ted.com,opp115,train,25
dom:telegraph.co.uk,c3pa,train,77
dom:telephonelists.biz,c3pa,train,30
dom:tgifridays.com,opp115,train,17
dom:theatlantic.com,opp115,train,36
dom:thecarconnection.com,opp115,train,31
dom:thedailybeast.com,c3pa,train,60
dom:thefreedictionary.com,opp115,train,15
dom:theguardian.com,c3pa,train,55
dom:thehill.com,opp115,train,19
dom:theverge.com,opp115,train,29
dom:thumbtack.com,c3pa,train,15
dom:ticketmaster.com,c3pa,validation,45
dom:ticketmaster.com,opp115,validation,38
dom:tmz.com,c3pa,train,53
dom:truedata.co,c3pa,train,38
dom:tulsaworld.com,opp115,train,48
dom:tunnldata.com,c3pa,test,24
dom:twitter.com,c3pa,train,33
dom:uh.edu,opp115,train,7
dom:uhaul.com,c3pa,train,27
dom:uplead.com,c3pa,train,110
dom:uptodate.com,opp115,train,10
dom:usa.gov,opp115,train,19
dom:usbank.com,c3pa,train,28
dom:usdatacorporation.com,c3pa,train,42
dom:usmarketinggrp.com,c3pa,test,35
dom:usnews.com,c3pa,train,48
dom:ventiveiq.com,c3pa,test,50
dom:veraset.com,c3pa,train,36
dom:videoamp.com,c3pa,validation,26
dom:vikings.com,opp115,train,40
dom:walgreens.com,c3pa,test,101
dom:walmart.com,opp115,train,62
dom:washingtonian.com,opp115,validation,23
dom:washingtonpost.com,c3pa,train,61
dom:washingtonpost.com,opp115,train,41
dom:weather.com,c3pa,train,131
dom:webbula.com,c3pa,train,50
dom:wikihow.com,c3pa,train,67
dom:wikitravel.org,opp115,train,104
dom:wiland.com,c3pa,validation,62
dom:wnep.com,opp115,train,32
dom:wodwo.co,c3pa,validation,61
dom:wsmv.com,opp115,train,31
dom:wunderground.com,c3pa,validation,43
dom:xfinity.com,c3pa,train,35
dom:xmode.io,c3pa,train,62
dom:yahoo.com,opp115,train,34
dom:yardbarker.com,opp115,train,39
dom:youporn.com,c3pa,train,22
dom:zacks.com,opp115,test,13
dom:zendesk.com,c3pa,train,40
dom:zoom.us,c3pa,train,62
dom:zoominfo.com,c3pa,train,142
